decoder,threshold
BPOSD_DEPOLARIZING,0.134409189120237
BPOSD,0.0871173687643977
BPOSD_X,0.0871173687643977
PROJECTION_DEPOLARIZING,0.1144351425805335
PROJECTION,0.0729841236010168
PROJECTION_X,0.0729841236010168
