decoder,constant_c,multiplier_a,exponent_k,r_squared
bposd,1.7894369403412436e-05,7.426210055628591e-08,1.5343297797368125,0.9996747827509812
projection,5.440475830879402e-06,7.241052463875927e-09,1.6289923349393232,0.9944884222558154
restriction,1.0133207189559008e-05,2.1040126373952687e-08,1.3282694363122582,0.9966454914440909
chromobius,1.0000000000011687e-09,5.280962529385708e-08,1.2567261135537195,0.9934319296059653
concat_mwpm,7.027291601776418e-05,1.147014070898357e-06,1.1771120431462738,0.9964814975898403
correlated,1.1145774677723773e-05,7.1354564757913134e-09,1.8960163312693032,0.990802696992661
